{
  "summary": {
    "mean_improvement": 7.000000000000007,
    "significant_count": 2
  },
  "results": [
    {
      "circuit": "Bell State (2q)",
      "baseline_fidelity": 0.50634765625,
      "optimized_fidelity": 0.5417919921875001,
      "improvement_percent": 7.000000000000014,
      "is_significant": true
    },
    {
      "circuit": "GHZ State (3q)",
      "baseline_fidelity": 0.4970703125,
      "optimized_fidelity": 0.531865234375,
      "improvement_percent": 6.999999999999999,
      "is_significant": true
    }
  ]
}